                  epoch,         train/box_loss,         train/cls_loss,         train/dfl_loss,   metrics/precision(B),      metrics/recall(B),       metrics/mAP50(B),    metrics/mAP50-95(B),           val/box_loss,           val/cls_loss,           val/dfl_loss,                 lr/pg0,                 lr/pg1,                 lr/pg2
                      1,                 1.3137,                 1.8957,                 1.5006,                0.61784,                0.61702,                0.61911,                0.34799,                 1.5392,                 2.6023,                  1.934,             0.00066082,             0.00066082,             0.00066082
                      2,                 1.4443,                 1.6157,                 1.5861,                0.59044,                0.43455,                0.44091,                0.20543,                 1.8752,                 2.6391,                 2.3297,              0.0013143,              0.0013143,              0.0013143
